year_month,total_revenue,ev_revenue,ev_sales_share
2025-12,1500000000,180000000,0.120000
2025-11,1450000000,174000000,0.120000
2025-10,1400000000,182000000,0.130000
2025-09,1380000000,151800000,0.110000
2025-08,1420000000,170400000,0.120000
2025-07,1460000000,197200000,0.135000
2025-06,1350000000,175500000,0.130000
2025-05,1320000000,171600000,0.130000
2025-04,1280000000,179200000,0.140000
2025-03,1300000000,182000000,0.140000
2025-02,1250000000,187500000,0.150000



